,policy,waiting_time,journey_time,count_floor,count_stop,count_wasted
0,v2-1,253.94669817599998,301.06598026000006,418.16,50.82,46.16
1,v2-10,144.12449519309996,167.1676141463,682.23,31.87,268.41
2,v2-11,169.83952950190005,196.5918160965,651.23,18.15,328.84
3,v2-13,211.86068345299998,244.07939499600002,667.77,32.63,293.14
4,v2-14,232.699227404,269.446238991,590.76,51.02,278.95
5,v2-15,247.85875771759996,288.1385652096,531.88,82.95,288.2
6,v2-16,265.04480456699997,309.72467995700003,437.97,98.69,268.75
7,v2-17,285.841877334,336.243994892,408.04,82.64,158.13
8,v2-2,249.598137904,296.56748127199995,427.15,50.49,46.24
9,v2-3,210.73642329500007,258.84145812200006,513.88,35.73,0.06
10,v2-4,215.604928922,263.509486638,514.52,35.94,0.05
11,v2-5,203.79635963999996,248.09765192400002,487.69,69.75,28.74
12,v2-6,187.29704025389998,229.17103369100002,555.55,87.43,43.82
13,v2-7,183.56076564399999,224.72185870300004,605.87,79.21,76.54
14,v2-8,103.61162307340001,123.22955091660002,652.52,40.12,259.74
15,v2-9,122.7661214027,143.4071369212,666.93,38.1,280.54
16,v2-all_available,212.762134468,256.713898802,700.35,34.43,5.39
17,v2-odd_even_division,244.652712519,289.526435857,715.85,61.9,30.16
0,"v1-1,10",320.8146245,451.0013386,1981.0,168.66666666666666,0.7777777776666666
1,"v1-1,11",392.41169736666666,527.9792864333334,1796.0,169.66666666666666,1.2222222219999999
2,"v1-1,12",462.89597376666666,613.5790086,1486.3333333333333,162.33333333333334,0.6666666666666666
3,"v1-1,13",821.3882244,1015.9956560666666,1125.0,124.33333333333333,1.4444444443333333
4,"v1-1,14",770.6581251333333,962.5190995333336,1033.3333333333333,96.0,0.5555555553333335
5,"v1-1,2",578.4011586666667,730.8975253333333,1409.3333333333333,189.33333333333334,4.111111111
6,"v1-1,3",470.0225485,613.1875134666667,1843.0,213.66666666666666,4.444444444333333
7,"v1-1,4",368.6763936666666,496.0492341000001,2221.3333333333335,191.0,7.222222221999999
8,"v1-1,5",259.14247236666665,369.7914067666666,2573.0,146.33333333333334,5.888888888666666
9,"v1-1,6",237.4770922,342.59230013999996,2662.6666666666665,120.33333333333333,1.8888888890000002
10,"v1-1,7",212.26445046666663,313.3513550733333,2716.6666666666665,116.0,2.5555555556666665
11,"v1-1,8",278.2094286666666,393.6333690333333,2440.0,126.66666666666667,1.3333333333333333
12,"v1-1,9",274.5600227666667,392.9121350866667,2343.3333333333335,162.66666666666666,1.5555555556666667
13,"v1-10,11",932.8586392666666,1129.6373653666667,1031.3333333333333,152.66666666666666,0.5555555553333333
14,"v1-10,12",712.0009677333334,893.9180313,1078.6666666666667,158.66666666666666,0.44444444433333335
15,"v1-10,13",754.1019195,945.0768066,1047.0,136.0,0.5555555553333335
16,"v1-10,14",924.3211429333334,1120.1518563666668,1034.0,95.66666666666667,0.222222222
17,"v1-11,12",715.8907509000001,901.4593234666667,923.6666666666666,143.0,6.666666668
18,"v1-11,13",1090.2700624666666,1299.2383359333335,789.0,108.0,0.111111111
19,"v1-11,14",809.7474397666666,1005.5824984333334,857.0,85.33333333333333,0.0
20,"v1-12,13",1015.4775522666665,1226.5543905333334,661.0,98.0,0.111111111
21,"v1-12,14",1203.7107469666666,1413.1047015666666,688.0,80.66666666666667,0.44444444433333335
22,"v1-13,14",1551.0924586666667,1787.1370600999999,522.0,46.333333333333336,0.111111111
23,"v1-2,10",265.7268483333333,375.90983946666665,2462.3333333333335,143.66666666666666,1.0
24,"v1-2,11",467.9006400666667,606.7952982333333,1995.0,149.33333333333334,0.5555555553333332
25,"v1-2,12",463.61349880000006,596.9944038333333,1794.3333333333333,142.66666666666666,1.0
26,"v1-2,13",544.535867,691.6460140666668,1641.3333333333333,121.0,2.0
27,"v1-2,14",476.19622806666666,618.2969148333333,1550.0,89.66666666666667,1.7777777776666666
28,"v1-2,3",513.9166939999999,669.0877528333333,1676.0,177.66666666666666,3.0
29,"v1-2,4",373.5859505,502.15491173333334,2072.3333333333335,171.0,10.555555555666666
30,"v1-2,5",302.9561229,422.55892263333334,2470.3333333333335,146.66666666666666,43.77777776666667
31,"v1-2,6",245.23944096666665,351.3618158566667,2848.3333333333335,110.0,2.6666666666666665
32,"v1-2,7",235.68849213333337,341.3007994833334,2867.0,82.0,2.8888888890000004
33,"v1-2,8",216.6138179,316.3246227966667,2908.0,94.66666666666667,1.2222222223333332
34,"v1-2,9",238.9204635333334,348.96144566666663,2624.0,123.33333333333333,2.3333333333333335
35,"v1-3,10",219.13928750000002,323.12569286666667,2723.3333333333335,113.0,2.0
36,"v1-3,11",235.24820510000004,338.6119162,2455.6666666666665,127.33333333333333,2.0000000000000004
37,"v1-3,12",318.70834613333335,440.26893113333335,2072.0,124.0,1.8888888890000002
38,"v1-3,13",410.7334422666666,547.7877361666666,1792.0,109.0,4.555555555333332
39,"v1-3,14",347.60745916666673,478.8249484666667,1757.6666666666667,56.666666666666664,2.111111111
40,"v1-3,4",408.0075739666667,543.7470339666667,1881.3333333333333,138.66666666666666,3.555555555333333
41,"v1-3,5",306.4875182,422.5464004666666,2251.6666666666665,135.66666666666666,7.222222221999999
42,"v1-3,6",241.84362099999998,349.0727735666666,2614.6666666666665,122.33333333333333,79.33333332233333
43,"v1-3,7",228.6755820333333,330.7054864566667,2893.3333333333335,84.66666666666667,1.8888888889999997
44,"v1-3,8",189.23434429999998,283.1155425366667,3033.3333333333335,68.0,3.3333333333333335
45,"v1-3,9",203.87238886666668,304.64129617,2864.3333333333335,88.66666666666667,1.8888888889999997
46,"v1-4,10",207.30345453333334,305.7283117366667,2763.6666666666665,105.33333333333333,2.5555555553333336
47,"v1-4,11",224.63095203333333,325.01058013333335,2582.3333333333335,110.0,1.8888888886666668
48,"v1-4,12",263.995686,373.76599209999995,2195.6666666666665,105.33333333333333,1.777777778
49,"v1-4,13",274.4280626666666,389.8472108,2021.6666666666667,81.66666666666667,4.222222222
50,"v1-4,14",289.87173133333334,415.5280961,1815.0,42.333333333333336,1.3333333333333333
51,"v1-4,5",314.5549577,433.01550326666666,2026.0,135.33333333333334,4.888888889
52,"v1-4,6",283.7094772333333,397.91929180000005,2323.0,131.66666666666666,37.888888900000005
53,"v1-4,7",231.40294010000002,334.51391853666667,2711.6666666666665,110.33333333333333,3.333333333
54,"v1-4,8",193.72611603333334,288.73167774666666,2991.0,83.33333333333333,3.2222222219999996
55,"v1-4,9",189.8360092,286.5187816266667,2948.0,87.0,2.1111111113333334
56,"v1-5,10",247.1683696,359.32128673333335,2648.0,109.66666666666667,2.777777777666667
57,"v1-5,11",228.25404266666666,332.05735769999995,2541.3333333333335,123.0,3.3333333333333335
58,"v1-5,12",255.41773123333337,365.03019889999996,2203.3333333333335,107.66666666666667,2.666666666333333
59,"v1-5,13",264.12440476666666,376.17176143333336,2054.6666666666665,89.0,3.5555555553333336
60,"v1-5,14",313.8068528,436.24593243333334,1841.3333333333333,35.333333333333336,3.0
61,"v1-5,6",330.5289053333333,445.3211040666667,2082.0,123.33333333333333,4.777777778
62,"v1-5,7",267.037862,381.3743684666667,2304.0,134.33333333333334,3.7777777779999995
63,"v1-5,8",245.42655326666667,351.52834163666665,2679.6666666666665,143.0,2.5555555553333336
64,"v1-5,9",236.55731363333334,342.1206514933333,2722.0,119.0,3.777777777666666
65,"v1-6,10",284.0432189,401.4300379333334,2444.0,151.0,2.222222222333333
66,"v1-6,11",321.14838376666665,444.79990433333325,2218.6666666666665,147.66666666666666,3.111111111
67,"v1-6,12",282.0420503666667,399.1023804666666,2181.3333333333335,133.0,2.444444444666667
68,"v1-6,13",286.67266166666667,405.67186813333336,1983.0,90.33333333333333,1.5555555556666667
69,"v1-6,14",361.95086233333336,488.7562950666666,1845.3333333333333,43.0,2.555555555666667
70,"v1-6,7",347.52361390000004,472.2665694,1991.6666666666667,138.33333333333334,8.777777776666667
71,"v1-6,8",295.5352709,415.0196610333333,2242.0,172.0,2.4444444443333335
72,"v1-6,9",302.48028063333334,423.05445173333334,2354.3333333333335,163.0,2.7777777780000004
73,"v1-7,10",356.6343383666667,491.11111423333335,2015.6666666666667,186.0,4.111111111333333
74,"v1-7,11",440.4098923666667,581.9204149333334,1922.6666666666667,151.66666666666666,3.0
75,"v1-7,12",527.7251143,678.7049731666667,1760.3333333333333,132.66666666666666,3.2222222220000005
76,"v1-7,13",378.4684359666667,511.3193652333334,1790.6666666666667,115.0,1.333333333
77,"v1-7,14",389.4254165,535.8730402666666,1680.6666666666667,58.666666666666664,3.0000000003333334
78,"v1-7,8",456.48658750000004,600.3303676333334,1730.6666666666667,153.0,3.333333333
79,"v1-7,9",395.47440193333324,534.8343888333334,1964.0,183.33333333333334,4.333333333333333
80,"v1-8,10",586.7006003333333,735.6701841,1583.6666666666667,168.0,2.333333333
81,"v1-8,11",417.61643453333335,562.0427986,1628.3333333333333,184.66666666666666,1.4444444443333333
82,"v1-8,12",637.6751915666667,810.6372247333334,1491.6666666666667,157.33333333333334,2.222222222333333
83,"v1-8,13",441.9140596,585.0192740333333,1646.3333333333333,133.0,2.6666666666666665
84,"v1-8,14",527.7610344666667,686.0977756000001,1550.0,70.33333333333333,2.4444444443333335
85,"v1-8,9",663.6355347,824.5107131333334,1491.6666666666667,161.33333333333334,3.111111111
86,"v1-9,10",689.1006808000001,861.3118138666667,1201.0,138.66666666666666,1.333333333
87,"v1-9,11",668.5486783666666,832.4731590333332,1283.0,162.66666666666666,1.2222222223333332
88,"v1-9,12",524.8331103333334,685.7753914000001,1311.3333333333333,154.0,3.222222222333333
89,"v1-9,13",615.0919312333332,789.8535551,1218.0,128.66666666666666,0.7777777779999999
90,"v1-9,14",612.5438812333333,789.7070753666667,1281.6666666666667,84.33333333333333,1.4444444446666667
91,"v1-B1,1",867.7212580666668,1908.0715933333333,700.9758802333334,858.4045808000001,1.6666666666666667
92,"v1-B1,10",487.3939512,658.1459593000001,1544.3333333333333,156.0,0.333333333
93,"v1-B1,11",554.5685521,723.2530904666668,1323.3333333333333,150.66666666666666,0.6666666666666666
94,"v1-B1,12",622.9426453,798.6621615,1125.6666666666667,139.33333333333334,0.333333333
95,"v1-B1,13",709.9995597000001,897.9883411999999,918.3333333333334,122.66666666666667,1.0000000003333334
96,"v1-B1,14",853.3895861666666,1057.6860525999998,826.3333333333334,80.0,0.22222222233333333
97,"v1-B1,2",1116.5725200333334,2049.2030797,1062.7173559999999,1071.9062361,3.9999999996666666
98,"v1-B1,3",1381.6467923333337,2556.208810266666,1204.6215546,1557.6210662333333,2.8888888890000004
99,"v1-B1,4",801.4528854666665,925.7476712333333,2118.6666666666665,149.33333333333334,4.555555555666667
100,"v1-B1,5",297.45032926666664,418.3396763,2291.0,123.66666666666667,4.8888888889999995
101,"v1-B1,6",219.79334313333334,320.05333255,2447.6666666666665,113.33333333333333,2.888888888666667
102,"v1-B1,7",235.24125676666665,339.6185081566667,2361.0,118.66666666666667,4.333333333333333
103,"v1-B1,8",259.56997086666667,373.56315006666665,2127.3333333333335,132.66666666666666,1.2222222223333332
104,"v1-B1,9",391.0814222000001,533.0749598333333,1797.6666666666667,147.33333333333334,0.888888889
105,"v1-B2,1",664.1442162666667,1280.3133604333334,541.5165764000001,587.2253957333334,0.222222222
106,"v1-B2,10",387.7962310666667,833.5170637000001,467.4973972333334,409.1024268666667,0.3333333333333333
107,"v1-B2,11",510.7145606666667,993.3387083000001,537.1309435666667,605.8442364,1.8888888886666664
108,"v1-B2,12",637.0509264666666,1120.0238064,909.1620641333334,532.1944648666667,0.5555555553333335
109,"v1-B2,13",727.6539435333333,1312.0735761333333,726.5456877666666,684.1300573666666,0.111111111
110,"v1-B2,14",740.4033677666666,1577.5433110666665,668.4101740333334,756.5049599,0.333333333
111,"v1-B2,2",333.9810169666667,640.1311506666667,338.0244536,313.13053386666667,1.3333333333333333
112,"v1-B2,3",363.08204720000003,760.1573553,396.48103216666664,425.6365028666667,2.222222222333333
113,"v1-B2,4",439.2179655,914.8202603,366.5642875333333,399.82245216666666,2.4444444443333335
114,"v1-B2,5",335.2855878333333,623.2621887,295.2896006666667,309.7987679,2.8888888886666666
115,"v1-B2,6",357.21406543333336,756.5622859,441.1194766666667,419.1529401333333,1.4444444446666667
116,"v1-B2,7",379.5456947333333,725.2007551666666,347.39319486666665,360.1795505,1.4444444443333333
117,"v1-B2,8",354.8327758,712.3705729333333,366.4905057666667,392.4707651666667,0.888888889
118,"v1-B2,9",447.8908275666667,907.5347664333334,444.49007193333335,392.3690316666667,1.2222222223333332
119,"v1-B2,B1",388.9807030666666,911.7349751333333,393.1589347666666,464.4997022333334,0.44444444466666666
120,"v1-B3,1",466.3610376,993.5938000666669,504.3506812333333,710.1070080999999,1.8888888889999997
121,"v1-B3,10",781.4652464333332,1535.5533796666666,867.6236037666666,653.7974181666667,0.3333333333333333
122,"v1-B3,11",406.9907612,740.6116102666666,358.14821836666664,357.1286947666667,1.3333333333333333
123,"v1-B3,12",467.7362974333333,948.6971433333333,475.3258901000001,526.9984519333333,0.44444444433333335
124,"v1-B3,13",733.8194149000001,1754.0755577666666,688.4201073999999,726.1710350666667,0.111111111
125,"v1-B3,14",393.8134211666667,743.4585736666668,391.59536180000003,354.05202073333334,0.0
126,"v1-B3,2",1180.6372934666667,2147.1662553666665,1289.0465446666667,1268.7528650000002,3.8888888886666666
127,"v1-B3,3",2030.4314356666666,4020.4907319999998,2070.743166,2182.0890646666667,3.1111111113333334
128,"v1-B3,4",1850.9140506666665,3665.639911333333,1802.9674599999998,1810.9856229999998,3.222222222333334
129,"v1-B3,5",1932.4998766666668,3736.8591616666668,1904.3672729999998,1981.5677290000003,4.111111111333333
130,"v1-B3,6",2120.5204369999997,4291.883156333333,1655.741432,1722.4489723,2.3333333333333335
131,"v1-B3,7",749.3902726333334,1276.3751308666667,746.0215820333333,523.9468788333334,2.2222222223333334
132,"v1-B3,8",362.69866670000005,704.2049393000001,388.8490240333333,405.97685926666674,1.3333333333333333
133,"v1-B3,9",702.471117,1386.0665172666668,759.5109616,772.2640468333333,1.6666666663333334
134,"v1-B3,B1",604.1752001333333,1366.3409039666667,486.8009700333333,390.4034944,0.22222222233333333
135,"v1-B3,B2",1374.4878771333333,3144.5216471333333,1408.0145744000001,1461.2982166666668,0.44444444466666666
